Registro_ID,Año,MesId,Mes,Total General,TiempoMes_ID,Trimestre,TiempoTrim_ID,Fecha,Periodo,MoM_%,YoY_%,MA3
157,2012,3,Marzo,153,201203,1,20121,2012-03-01,2012-03,,,
156,2012,4,Abril,8034,201204,2,20122,2012-04-01,2012-04,5150.980392156863,,
155,2012,5,Mayo,34635,201205,2,20122,2012-05-01,2012-05,331.1053024645258,,14274.0
154,2012,6,Junio,30824,201206,2,20122,2012-06-01,2012-06,-11.003320340695833,,24497.666666666668
153,2012,7,Julio,33805,201207,3,20123,2012-07-01,2012-07,9.67103555670905,,33088.0
152,2012,8,Agosto,33518,201208,3,20123,2012-08-01,2012-08,-0.8489868362668296,,32715.666666666668
151,2012,9,Septiembre,33392,201209,3,20123,2012-09-01,2012-09,-0.37591741750701013,,33571.666666666664
150,2012,10,Octubre,35617,201210,4,20124,2012-10-01,2012-10,6.663272640153339,,34175.666666666664
149,2012,11,Noviembre,30439,201211,4,20124,2012-11-01,2012-11,-14.538001516129938,,33149.333333333336
148,2012,12,Diciembre,26797,201212,4,20124,2012-12-01,2012-12,-11.964913433424229,,30951.0
147,2013,1,Enero,27555,201301,1,20131,2013-01-01,2013-01,2.8286748516624938,,28263.666666666668
146,2013,2,Febrero,20329,201302,1,20131,2013-02-01,2013-02,-26.223915804754128,,24893.666666666668
145,2013,3,Marzo,24265,201303,1,20131,2013-03-01,2013-03,19.36150327118895,15759.477124183008,24049.666666666668
144,2013,4,Abril,27522,201304,2,20132,2013-04-01,2013-04,13.422625180300841,242.5690814040329,24038.666666666668
143,2013,5,Mayo,28883,201305,2,20132,2013-05-01,2013-05,4.9451348012499174,-16.60747798469756,26890.0
142,2013,6,Junio,22065,201306,2,20132,2013-06-01,2013-06,-23.605581137693456,-28.416169218790554,26156.666666666668
141,2013,7,Julio,27105,201307,3,20133,2013-07-01,2013-07,22.841604350781775,-19.819553320514714,26017.666666666668
140,2013,8,Agosto,28542,201308,3,20133,2013-08-01,2013-08,5.301604869950194,-14.84575451995942,25904.0
139,2013,9,Septiembre,33683,201309,3,20133,2013-09-01,2013-09,18.012052413986403,0.8714662194537537,29776.666666666668
138,2013,10,Octubre,34563,201310,4,20134,2013-10-01,2013-10,2.612593890092918,-2.959261027037652,32262.666666666668
137,2013,11,Noviembre,33236,201311,4,20134,2013-11-01,2013-11,-3.8393657957931926,9.18886954236342,33827.333333333336
136,2013,12,Diciembre,33293,201312,4,20134,2013-12-01,2013-12,0.1715007822842729,24.241519573086535,33697.333333333336
135,2014,1,Enero,30223,201401,1,20141,2014-01-01,2014-01,-9.221157600696838,9.682453275267644,32250.666666666668
134,2014,2,Febrero,33185,201402,1,20141,2014-02-01,2014-02,9.80048307580319,63.23970682276552,32233.666666666668
133,2014,3,Marzo,41372,201403,1,20141,2014-03-01,2014-03,24.67078499321982,70.50072120337936,34926.666666666664
132,2014,4,Abril,48043,201404,2,20142,2014-04-01,2014-04,16.124431982983655,74.56216844706054,40866.666666666664
131,2014,5,Mayo,58527,201405,2,20142,2014-05-01,2014-05,21.822117686239405,102.6347678565246,49314.0
130,2014,6,Junio,74669,201406,2,20142,2014-06-01,2014-06,27.580432962564295,238.40471334692955,60413.0
129,2014,7,Julio,85713,201407,3,20143,2014-07-01,2014-07,14.790609222033236,216.2257885998893,72969.66666666667
128,2014,8,Agosto,80264,201408,3,20143,2014-08-01,2014-08,-6.357262025597055,181.21365005956136,80215.33333333333
127,2014,9,Septiembre,88994,201409,3,20143,2014-09-01,2014-09,10.876607196252364,164.2104325624202,84990.33333333333
126,2014,10,Octubre,97254,201410,4,20144,2014-10-01,2014-10,9.281524597163848,181.3818244944015,88837.33333333333
125,2014,11,Noviembre,74132,201411,4,20144,2014-11-01,2014-11,-23.774857589405062,123.0472981104826,86793.33333333333
124,2014,12,Diciembre,90113,201412,4,20144,2014-12-01,2014-12,21.557492041223767,170.66650647283214,87166.33333333333
123,2015,1,Enero,84687,201501,1,20151,2015-01-01,2015-01,-6.021328776092238,180.20712702246632,82977.33333333333
122,2015,2,Febrero,73881,201502,1,20151,2015-02-01,2015-02,-12.759927733890674,122.63372005424138,82893.66666666667
121,2015,3,Marzo,84411,201503,1,20151,2015-03-01,2015-03,14.25264953100256,104.02929517548101,80993.0
120,2015,4,Abril,103422,201504,2,20152,2015-04-01,2015-04,22.521946191847043,115.26965426805154,87238.0
119,2015,5,Mayo,100936,201505,2,20152,2015-05-01,2015-05,-2.403743884279941,72.46057375228527,96256.33333333333
118,2015,6,Junio,127486,201506,2,20152,2015-06-01,2015-06,26.303796465086783,70.73484310758147,110614.66666666667
117,2015,7,Julio,122893,201507,3,20153,2015-07-01,2015-07,-3.602748537094269,43.37731732642656,117105.0
116,2015,8,Agosto,106316,201508,3,20153,2015-08-01,2015-08,-13.4889700796628,32.45788896641084,118898.33333333333
115,2015,9,Septiembre,124779,201509,3,20153,2015-09-01,2015-09,17.366153730388657,40.21057599388722,117996.0
114,2015,10,Octubre,128001,201510,4,20154,2015-10-01,2015-10,2.58216526819417,31.615152076007156,119698.66666666667
113,2015,11,Noviembre,117154,201511,4,20154,2015-11-01,2015-11,-8.474152545683234,58.034317163977775,123311.33333333333
112,2015,12,Diciembre,117140,201512,4,20154,2015-12-01,2015-12,-0.0119500827970076,29.992342947188533,120765.0
111,2016,1,Enero,102891,201601,1,20161,2016-01-01,2016-01,-12.164077172613963,21.495625066421063,112395.0
110,2016,2,Febrero,107273,201602,1,20161,2016-02-01,2016-02,4.258875897794745,45.1970059961289,109101.33333333333
109,2016,3,Marzo,128411,201603,1,20161,2016-03-01,2016-03,19.704865157122487,52.12590776083685,112858.33333333333
108,2016,4,Abril,143274,201604,2,20162,2016-04-01,2016-04,11.574553581858261,38.53338748042003,126319.33333333333
107,2016,5,Mayo,148327,201605,2,20162,2016-05-01,2016-05,3.526808772003287,46.95153364508202,140004.0
106,2016,6,Junio,154196,201606,2,20162,2016-06-01,2016-06,3.956798155426866,20.951320144957087,148599.0
105,2016,7,Julio,154234,201607,3,20163,2016-07-01,2016-07,0.02464395963579502,25.50267305704963,152252.33333333334
104,2016,8,Agosto,180968,201608,3,20163,2016-08-01,2016-08,17.333402492316875,70.21708867903232,163132.66666666666
103,2016,9,Septiembre,177072,201609,3,20163,2016-09-01,2016-09,-2.1528668051810307,41.908494217777026,170758.0
102,2016,10,Octubre,178771,201610,4,20164,2016-10-01,2016-10,0.9594967019065592,39.663752626932606,178937.0
101,2016,11,Noviembre,173043,201611,4,20164,2016-11-01,2016-11,-3.204099098847124,47.705584102975564,176295.33333333334
100,2016,12,Diciembre,139777,201612,4,20164,2016-12-01,2016-12,-19.22412348375837,19.324739627795793,163863.66666666666
99,2017,1,Enero,117961,201701,1,20171,2017-01-01,2017-01,-15.60771800796984,14.646567727012073,143593.66666666666
98,2017,2,Febrero,97738,201702,1,20171,2017-02-01,2017-02,-17.14380176499012,-8.88853672405917,118492.0
97,2017,3,Marzo,125312,201703,1,20171,2017-03-01,2017-03,28.2121590374266,-2.413344651159166,113670.33333333333
96,2017,4,Abril,100241,201704,2,20172,2017-04-01,2017-04,-20.00686287027579,-30.035456537822636,107763.66666666667
95,2017,5,Mayo,110304,201705,2,20172,2017-05-01,2017-05,10.038806476391905,-25.634577656124648,111952.33333333333
94,2017,6,Junio,104675,201706,2,20172,2017-06-01,2017-06,-5.103169422686394,-32.11561908220706,105073.33333333333
93,2017,7,Julio,110699,201707,3,20173,2017-07-01,2017-07,5.754955815619778,-28.226590764682236,108559.33333333333
92,2017,8,Agosto,114627,201708,3,20173,2017-08-01,2017-08,3.54836087046857,-36.65896733124087,110000.33333333333
91,2017,9,Septiembre,104109,201709,3,20173,2017-09-01,2017-09,-9.175848622052396,-41.20527243155326,109811.66666666667
90,2017,10,Octubre,110786,201710,4,20174,2017-10-01,2017-10,6.413470497267282,-38.029098679316,109840.66666666667
89,2017,11,Noviembre,113740,201711,4,20174,2017-11-01,2017-11,2.66640189193581,-34.2706726073866,109545.0
88,2017,12,Diciembre,102618,201712,4,20174,2017-12-01,2017-12,-9.778442060840508,-26.584488148980157,109048.0
87,2018,1,Enero,106092,201801,1,20181,2018-01-01,2018-01,3.3853709875460547,-10.061800086469253,107483.33333333333
86,2018,2,Febrero,90816,201802,1,20181,2018-02-01,2018-02,-14.398823662481618,-7.082199349280726,99842.0
85,2018,3,Marzo,114126,201803,1,20181,2018-03-01,2018-03,25.667283298097242,-8.92651940755873,103678.0
84,2018,4,Abril,113636,201804,2,20182,2018-04-01,2018-04,-0.42935001664826666,13.362795662453486,106192.66666666667
83,2018,5,Mayo,130154,201805,2,20182,2018-05-01,2018-05,14.535886514836838,17.9957209167392,119305.33333333333
82,2018,6,Junio,120758,201806,2,20182,2018-06-01,2018-06,-7.21914040290732,15.364700262717946,121516.0
81,2018,7,Julio,126630,201807,3,20183,2018-07-01,2018-07,4.862617797578639,14.391277247310263,125847.33333333333
80,2018,8,Agosto,145810,201808,3,20183,2018-08-01,2018-08,15.146489773355443,27.203887391277792,131066.0
79,2018,9,Septiembre,150804,201809,3,20183,2018-09-01,2018-09,3.4250051436801376,44.85203008385443,141081.33333333334
78,2018,10,Octubre,168454,201810,4,20184,2018-10-01,2018-10,11.703933582663595,52.0535085660643,155022.66666666666
77,2018,11,Noviembre,171576,201811,4,20184,2018-11-01,2018-11,1.8533249433079657,50.849305433444705,163611.33333333334
76,2018,12,Diciembre,166967,201812,4,20184,2018-12-01,2018-12,-2.686273138434281,62.70732230213023,168999.0
75,2019,1,Enero,199162,201901,1,20191,2019-01-01,2019-01,19.282253379410296,87.7257474644648,179235.0
74,2019,2,Febrero,209804,201902,1,20191,2019-02-01,2019-02,5.343388799068105,131.02096546863987,191977.66666666666
73,2019,3,Marzo,215122,201903,1,20191,2019-03-01,2019-03,2.5347467159825277,88.49517200287403,208029.33333333334
72,2019,4,Abril,265510,201904,2,20192,2019-04-01,2019-04,23.42298788594379,133.64954767855255,230145.33333333334
71,2019,5,Mayo,323284,201905,2,20192,2019-05-01,2019-05,21.759632405559117,148.38575840926902,267972.0
70,2019,6,Junio,277982,201906,2,20192,2019-06-01,2019-06,-14.013065911087462,130.19758525315095,288925.3333333333
69,2019,7,Julio,317210,201907,3,20193,2019-07-01,2019-07,14.11170507442927,150.50146094922212,306158.6666666667
68,2019,8,Agosto,317520,201908,3,20193,2019-08-01,2019-08,0.09772705778505753,117.76284205472875,304237.3333333333
67,2019,9,Septiembre,314891,201909,3,20193,2019-09-01,2019-09,-0.8279793398840996,108.80812180048274,316540.3333333333
66,2019,10,Octubre,331010,201910,4,20194,2019-10-01,2019-10,5.1189141639487845,96.4987474325335,321140.3333333333
65,2019,11,Noviembre,309564,201911,4,20194,2019-11-01,2019-11,-6.478958339627205,80.42383550146874,318488.3333333333
64,2019,12,Diciembre,315457,201912,4,20194,2019-12-01,2019-12,1.90364512669432,88.9337413980008,318677.0
63,2020,1,Enero,319361,202001,1,20201,2020-01-01,2020-01,1.2375696212161946,60.352376457356314,314794.0
62,2020,2,Febrero,310721,202002,1,20201,2020-02-01,2020-02,-2.7054023503182867,48.10060818668853,315179.6666666667
61,2020,3,Marzo,259945,202003,1,20201,2020-03-01,2020-03,-16.341348026042656,20.836083710638608,296675.6666666667
60,2020,4,Abril,131172,202004,2,20202,2020-04-01,2020-04,-49.538556233049306,-50.59621106549659,233946.0
59,2020,5,Mayo,185916,202005,2,20202,2020-05-01,2020-05,41.734516512670396,-42.49143168235978,192344.33333333334
58,2020,6,Junio,249606,202006,2,20202,2020-06-01,2020-06,34.25740657070935,-10.207855184868087,188898.0
57,2020,7,Julio,253559,202007,3,20203,2020-07-01,2020-07,1.5836959047458743,-20.065886951861543,229693.66666666666
56,2020,8,Agosto,295865,202008,3,20203,2020-08-01,2020-08,16.684874131858862,-6.8200428319475925,266343.3333333333
55,2020,9,Septiembre,296507,202009,3,20203,2020-09-01,2020-09,0.216990857316679,-5.838210682426615,281977.0
54,2020,10,Octubre,241917,202010,4,20204,2020-10-01,2020-10,-18.41103245454576,-26.915501042264587,278096.3333333333
53,2020,11,Noviembre,235563,202011,4,20204,2020-11-01,2020-11,-2.6265206661789,-23.904911423808972,257995.66666666666
52,2020,12,Diciembre,201390,202012,4,20204,2020-12-01,2020-12,-14.50694718610308,-36.15928636866514,226290.0
51,2021,1,Enero,170234,202101,1,20211,2021-01-01,2021-01,-15.470480162868071,-46.69543244165693,202395.66666666666
50,2021,2,Febrero,176728,202102,1,20211,2021-02-01,2021-02,3.814749110048532,-43.12325204926606,182784.0
49,2021,3,Marzo,227134,202103,1,20211,2021-03-01,2021-03,28.52179620659998,-12.622285483467655,191365.33333333334
48,2021,4,Abril,232382,202104,2,20212,2021-04-01,2021-04,2.31053034772426,77.15823498917452,212081.33333333334
47,2021,5,Mayo,189244,202105,2,20212,2021-05-01,2021-05,-18.56339991909872,1.7900557240904558,216253.33333333334
46,2021,6,Junio,206029,202106,2,20212,2021-06-01,2021-06,8.869501807190726,-17.45831430334207,209218.33333333334
45,2021,7,Julio,236738,202107,3,20213,2021-07-01,2021-07,14.905183250901576,-6.633958960241992,210670.33333333334
44,2021,8,Agosto,252698,202108,3,20213,2021-08-01,2021-08,6.74162998758121,-14.590100214624913,231821.66666666666
43,2021,9,Septiembre,282261,202109,3,20213,2021-09-01,2021-09,11.698944985714178,-4.804608322906379,257232.33333333334
42,2021,10,Octubre,264039,202110,4,20214,2021-10-01,2021-10,-6.455727146151968,9.14445863663984,266332.6666666667
41,2021,11,Noviembre,312348,202111,4,20214,2021-11-01,2021-11,18.296160794428108,32.59637549190661,286216.0
40,2021,12,Diciembre,294356,202112,4,20214,2021-12-01,2021-12,-5.760241781602571,46.162172898356424,290247.6666666667
39,2022,1,Enero,258813,202201,1,20221,2022-01-01,2022-01,-12.074834554077373,52.03367129950538,288505.6666666667
38,2022,2,Febrero,265379,202202,1,20221,2022-02-01,2022-02,2.536966844787547,50.16239645104341,272849.3333333333
37,2022,3,Marzo,340566,202203,1,20221,2022-03-01,2022-03,28.33193282060751,49.940563720094744,288252.6666666667
36,2022,4,Abril,317497,202204,2,20222,2022-04-01,2022-04,-6.773723742240856,36.627191434792714,307814.0
35,2022,5,Mayo,318805,202205,2,20222,2022-05-01,2022-05,0.4119723965895661,68.46240831941832,325622.6666666667
34,2022,6,Junio,313772,202206,2,20222,2022-06-01,2022-06,-1.578707987641348,52.29506525780352,316691.3333333333
33,2022,7,Julio,298071,202207,3,20223,2022-07-01,2022-07,-5.003951914128734,25.907543360170315,310216.0
32,2022,8,Agosto,317256,202208,3,20223,2022-08-01,2022-08,6.436385961733948,25.547491472033812,309699.6666666667
31,2022,9,Septiembre,310435,202209,3,20223,2022-09-01,2022-09,-2.149998739188541,9.981541906249891,308587.3333333333
30,2022,10,Octubre,298154,202210,4,20224,2022-10-01,2022-10,-3.9560616554190076,12.920439783516823,308615.0
29,2022,11,Noviembre,299611,202211,4,20224,2022-11-01,2022-11,0.48867363845530587,-4.0778234533277,302733.3333333333
28,2022,12,Diciembre,269979,202212,4,20224,2022-12-01,2022-12,-9.890157570983703,-8.281468697767325,289248.0
27,2023,1,Enero,265548,202301,1,20231,2023-01-01,2023-01,-1.6412387630148961,2.602264955778888,278379.3333333333
26,2023,2,Febrero,208181,202302,1,20231,2023-02-01,2023-02,-21.60325063641978,-21.553325621092856,247902.66666666666
25,2023,3,Marzo,253637,202303,1,20231,2023-03-01,2023-03,21.834845639131338,-25.524861554001276,242455.33333333334
24,2023,4,Abril,195254,202304,2,20232,2023-04-01,2023-04,-23.0183293446934,-38.502096082797635,219024.0
23,2023,5,Mayo,190134,202305,2,20232,2023-05-01,2023-05,-2.6222254089544927,-40.3604084001192,213008.33333333334
22,2023,6,Junio,172718,202306,2,20232,2023-06-01,2023-06,-9.159855680730434,-44.954298025317755,186035.33333333334
21,2023,7,Julio,156958,202307,3,20233,2023-07-01,2023-07,-9.124700378651907,-47.3420762167403,173270.0
20,2023,8,Agosto,163571,202308,3,20233,2023-08-01,2023-08,4.2132290166796205,-48.44195224046196,164415.66666666666
19,2023,9,Septiembre,157032,202309,3,20233,2023-09-01,2023-09,-3.9976523955957965,-49.41549760819495,159187.0
18,2023,10,Octubre,140945,202310,4,20234,2023-10-01,2023-10,-10.24440878292323,-52.72744957303943,153849.33333333334
17,2023,11,Noviembre,139067,202311,4,20234,2023-11-01,2023-11,-1.3324346376246021,-53.58414744451972,145681.33333333334
16,2023,12,Diciembre,131142,202312,4,20234,2023-12-01,2023-12,-5.6986919973825545,-51.42511084195438,137051.33333333334
15,2024,1,Enero,160634,202401,1,20241,2024-01-01,2024-01,22.488600143356052,-39.50848810761143,143614.33333333334
14,2024,2,Febrero,145787,202402,1,20241,2024-02-01,2024-02,-9.242750600744554,-29.97103482066087,145854.33333333334
13,2024,3,Marzo,149604,202403,1,20241,2024-03-01,2024-03,2.618203269152941,-41.01649207331738,152008.33333333334
12,2024,4,Abril,155812,202404,2,20242,2024-04-01,2024-04,4.149621667869852,-20.200354410152933,150401.0
11,2024,5,Mayo,178256,202405,2,20242,2024-05-01,2024-05,14.40453880317305,-6.247173046377819,161224.0
10,2024,6,Junio,178024,202406,2,20242,2024-06-01,2024-06,-0.13014989677766486,3.07205965793953,170697.33333333334
9,2024,7,Julio,266723,202407,3,20243,2024-07-01,2024-07,49.82418100930212,69.93272085526063,207667.66666666666
8,2024,8,Agosto,263722,202408,3,20243,2024-08-01,2024-08,-1.1251373147422639,61.22784601182361,236156.33333333334
7,2024,9,Septiembre,248324,202409,3,20243,2024-09-01,2024-09,-5.838724110995674,58.135921340873196,259589.66666666666
6,2024,10,Octubre,258940,202410,4,20244,2024-10-01,2024-10,4.275060002255127,83.71705275107311,256995.33333333334
5,2024,11,Noviembre,223065,202411,4,20244,2024-11-01,2024-11,-13.85456090213949,60.40110162727319,243443.0
4,2024,12,Diciembre,278641,202412,4,20244,2024-12-01,2024-12,24.914710958689177,112.47273947324277,253548.66666666666
3,2025,1,Enero,191649,202501,1,20251,2025-01-01,2025-01,-31.220100415947407,19.307867574735106,231118.33333333334
2,2025,2,Febrero,168572,202502,1,20251,2025-02-01,2025-02,-12.041283805289883,15.628965545624784,212954.0
1,2025,3,Marzo,154647,202503,1,20251,2025-03-01,2025-03,-8.260565218422988,3.3708991738188754,171622.66666666666
